[
    {
        "RU" : [
            {
                "text": "Пишите код так, как будто сопровождать его будет склонный к насилию психопат, который знает, где вы живете",
                "author": "Стив Макконнелл"
            },
            {
                "text": "Сложность программы растет до тех пор, пока не превысит способности программиста",
                "author": "Артур Блох. Законы Мэрфи"
            },
            {
                "text": "Ходить по воде и разрабатывать программы, следуя ТЗ, очень просто… если они заморожены",
                "author": "И. Берард"
            },
            {
                "text": "Я верю в силу, когда что-то идет не так. Завтра новый день, и я верю в чудеса",
                "author": "Одри Хепберн"
            },
            {
                "text": "Никогда не извиняйтесь за эмоциональность. Пусть это будет знаком того, что у вас доброе сердце, и вы не боитесь его показать.",
                "author": "Бриджит Николь"
            },
            {
                "text": "Принимайте критику, но не принимайте ее на свой счет. Если в нем есть капля правды — слушай, если нет — не подпускай к себе",
                "author": "Хиллари Клинтон"
            }
        ],
        "EN" : [
            {
                "text": "Write code like the maintainer would be a violent psychopath who knows where you live",
                "author": "Steve McConnell"
            },
            {
                "text": "The complexity of the program grows until it exceeds the ability of the programmer.",
                "author": "Arthur Bloch. Murphy's laws"
            },
            {
                "text": "It's very easy to walk on water and develop programs according to the terms of reference... if they are frozen",
                "author": "J. Berard"
            },
            {
                "text": "I believe in strength when things go wrong. Tomorrow is a new day and I believe in miracles",
                "author": "Audrey Hepburn"
            },
            {
                "text": "Never apologize for being emotional. Let this be a sign that you have a good heart and are not afraid to show it.",
                "author": "Bridget Nicole"
            },
            {
                "text": "Accept criticism, but don't take it personally. If there is a drop of truth in it - listen, if not - do not let it near you.",
                "author": "Hillary Clinton"
            }
        ]

    }
]
